<?xml version="1.0" encoding="UTF-8"?>
<beans xmlns="http://www.springframework.org/schema/beans"
	xmlns:xsi="http://www.w3.org/2001/XMLSchema-instance"
	xmlns:context="http://www.springframework.org/schema/context"
	xsi:schemaLocation="http://www.springframework.org/schema/beans http://www.springframework.org/schema/beans/spring-beans.xsd
	http://www.springframework.org/schema/context
	http://www.springframework.org/schema/context/spring-context-3.1.xsd">
	
	
	<bean id="d1" class="com.dackdoo.jan253.dog.Dog">
		<property name="name" value="웰시코기"></property>
		<property name="age" value="6"></property>
	</bean>
	<bean id="h1" class="com.dackdoo.jan253.human.Human">
		<property name="name" value="강두영"></property>
		<property name="age" value="28"></property>
		<property name="nickname">
			<list value-type="java.lang.String">
			<value>홍시</value>
			<value>홍삼</value>
			<value>홍두깨</value>
			</list>
		</property>
		<property name="friend">
			<list>
				<value>곽두팔</value>
				<value>김춘삼</value>
			</list>
		</property>
		<property name="family">
			<map key-type="java.lang.String" value-type="java.lang.Integer">
				<entry key="아버지" value="70"></entry>
				<entry key="어머니" value="68"></entry>
			</map>
		</property>
		<property name="pet" ref="d1"></property>
	</bean>
	 <bean id="b1" class="com.dackdoo.jan253.bird.Bird">
		<property name="name" value="앵무새"></property>
		<property name="age" value="4"></property>
	</bean>
	<context:annotation-config></context:annotation-config>
	 <bean id="h2" class="com.dackdoo.jan253.human.Human">
	 	<constructor-arg value="김두영"></constructor-arg>
	 	<constructor-arg value="18"></constructor-arg>
	 	<constructor-arg>
	 		<list value-type="java.lang.String">
	 			<value>닭두</value>
	 			<value>딕두</value>
	 			<value>독두</value>
	 		</list>
	 	</constructor-arg>
	 	<constructor-arg>
	 		<list>
	 			<value>칸예</value>
	 			<value>에미넴</value>
	 		</list>
	 	</constructor-arg>
	 	<constructor-arg>
	 		<map key-type="java.lang.String" value-type="java.lang.Integer">
	 			<entry key="father" value="78"></entry>
	 			<entry key="mother" value="74"></entry>
	 		</map>
	 	</constructor-arg>
	 	<constructor-arg ref="d1"></constructor-arg>
	 	<constructor-arg ref="b1"></constructor-arg>
	 </bean>
</beans>
