<?xml version="1.0" encoding="UTF-8"?>
<beans xmlns="http://www.springframework.org/schema/beans"
	xmlns:xsi="http://www.w3.org/2001/XMLSchema-instance"
	xsi:schemaLocation="http://www.springframework.org/schema/beans http://www.springframework.org/schema/beans/spring-beans.xsd">

	<bean id="s1" class="com.dackdoo.jan252.stock.Stock"></bean>
	
	
	
	  <bean id="s2" class="com.dackdoo.jan252.stock.Stock">
		<property name="name" value="삼성전자"></property>
		<property name="price" value="73900"></property>
	</bean>
	  <bean id="d1" class="com.dackdoo.jan252.dog.Dog"></bean>
	  
	  
	  <bean id="d2" class="com.dackdoo.jan252.dog.Dog">
	  	<property name="name" value="포메리안"></property>
	  	<property name="age" value="3"></property>
	  </bean>
	  <bean id="s3" class="com.dackdoo.jan252.stock.Stock">
	  	<constructor-arg value="펄어비스"></constructor-arg>
	  	<constructor-arg value="10800"></constructor-arg>
	  </bean>
	  <bean id="d3" class="com.dackdoo.jan252.dog.Dog">
	  	<constructor-arg value="도베르만"></constructor-arg>
	  	<constructor-arg value="5"></constructor-arg>
	  </bean>
</beans>
